﻿<?xml version="1.0"?>
<doc>
<assembly>
<name>
Sonrisas del Sur
</name>
</assembly>
<members>
<member name="T:SonrisasDelSur.My.Resources.Resources">
<summary>
  Clase de recurso fuertemente tipado, para buscar cadenas traducidas, etc.
</summary>
</member>
<member name="P:SonrisasDelSur.My.Resources.Resources.ResourceManager">
<summary>
  Devuelve la instancia de ResourceManager almacenada en caché utilizada por esta clase.
</summary>
</member>
<member name="P:SonrisasDelSur.My.Resources.Resources.Culture">
<summary>
  Reemplaza la propiedad CurrentUICulture del subproceso actual para todas las
  búsquedas de recursos mediante esta clase de recurso fuertemente tipado.
</summary>
</member>
<member name="P:SonrisasDelSur.My.Resources.Resources.add_user">
<summary>
  Busca un recurso adaptado de tipo System.Drawing.Bitmap.
</summary>
</member>
<member name="P:SonrisasDelSur.My.Resources.Resources.AppIcon">
<summary>
  Busca un recurso adaptado de tipo System.Drawing.Icon similar a (Icono).
</summary>
</member>
<member name="P:SonrisasDelSur.My.Resources.Resources.AutoUpdate">
<summary>
  Busca un recurso adaptado de tipo System.Byte[].
</summary>
</member>
<member name="P:SonrisasDelSur.My.Resources.Resources.calendar_full_v2">
<summary>
  Busca un recurso adaptado de tipo System.Drawing.Bitmap.
</summary>
</member>
<member name="P:SonrisasDelSur.My.Resources.Resources.check1">
<summary>
  Busca un recurso adaptado de tipo System.Drawing.Bitmap.
</summary>
</member>
<member name="P:SonrisasDelSur.My.Resources.Resources.coin">
<summary>
  Busca un recurso adaptado de tipo System.Drawing.Bitmap.
</summary>
</member>
<member name="P:SonrisasDelSur.My.Resources.Resources.eliminar">
<summary>
  Busca un recurso adaptado de tipo System.Drawing.Bitmap.
</summary>
</member>
<member name="P:SonrisasDelSur.My.Resources.Resources.engranaje">
<summary>
  Busca un recurso adaptado de tipo System.Drawing.Bitmap.
</summary>
</member>
<member name="P:SonrisasDelSur.My.Resources.Resources.favicon">
<summary>
  Busca un recurso adaptado de tipo System.Drawing.Bitmap.
</summary>
</member>
<member name="P:SonrisasDelSur.My.Resources.Resources.FLECHA">
<summary>
  Busca un recurso adaptado de tipo System.Drawing.Bitmap.
</summary>
</member>
<member name="P:SonrisasDelSur.My.Resources.Resources.googlecloud">
<summary>
  Busca un recurso adaptado de tipo System.Drawing.Bitmap.
</summary>
</member>
<member name="P:SonrisasDelSur.My.Resources.Resources.HistorialMedico">
<summary>
  Busca un recurso adaptado de tipo System.Drawing.Bitmap.
</summary>
</member>
<member name="P:SonrisasDelSur.My.Resources.Resources.key">
<summary>
  Busca un recurso adaptado de tipo System.Drawing.Bitmap.
</summary>
</member>
<member name="P:SonrisasDelSur.My.Resources.Resources.loading">
<summary>
  Busca un recurso adaptado de tipo System.Drawing.Bitmap.
</summary>
</member>
<member name="P:SonrisasDelSur.My.Resources.Resources.lupax32">
<summary>
  Busca un recurso adaptado de tipo System.Drawing.Bitmap.
</summary>
</member>
<member name="P:SonrisasDelSur.My.Resources.Resources.NewTrabajo">
<summary>
  Busca un recurso adaptado de tipo System.Drawing.Bitmap.
</summary>
</member>
<member name="P:SonrisasDelSur.My.Resources.Resources.Plantilla">
<summary>
  Busca un recurso adaptado de tipo System.Byte[].
</summary>
</member>
<member name="P:SonrisasDelSur.My.Resources.Resources.Save">
<summary>
  Busca un recurso adaptado de tipo System.Drawing.Bitmap.
</summary>
</member>
<member name="P:SonrisasDelSur.My.Resources.Resources.SonrisasDelSur">
<summary>
  Busca un recurso adaptado de tipo System.Drawing.Bitmap.
</summary>
</member>
<member name="P:SonrisasDelSur.My.Resources.Resources.tooth">
<summary>
  Busca un recurso adaptado de tipo System.Drawing.Bitmap.
</summary>
</member>
<member name="P:SonrisasDelSur.My.Resources.Resources.trash_10_xxl">
<summary>
  Busca un recurso adaptado de tipo System.Drawing.Bitmap.
</summary>
</member>
<member name="T:SonrisasDelSur.Tablas">
<summary>
Represents a strongly typed in-memory cache of data.
</summary>
</member>
<member name="T:SonrisasDelSur.Tablas.pacienteDataTable">
<summary>
Represents the strongly named DataTable class.
</summary>
</member>
<member name="T:SonrisasDelSur.Tablas.personalDataTable">
<summary>
Represents the strongly named DataTable class.
</summary>
</member>
<member name="T:SonrisasDelSur.Tablas.pacienteRow">
<summary>
Represents strongly named DataRow class.
</summary>
</member>
<member name="T:SonrisasDelSur.Tablas.personalRow">
<summary>
Represents strongly named DataRow class.
</summary>
</member>
<member name="T:SonrisasDelSur.Tablas.pacienteRowChangeEvent">
<summary>
Row event argument class
</summary>
</member>
<member name="T:SonrisasDelSur.Tablas.personalRowChangeEvent">
<summary>
Row event argument class
</summary>
</member>
</members>
</doc>
