﻿<?xml version="1.0"?>
<doc>
<assembly>
<name>
Alab - Central
</name>
</assembly>
<members>
<member name="T:Alab_Central.My.Resources.Resources">
<summary>
  Clase de recurso fuertemente tipado, para buscar cadenas traducidas, etc.
</summary>
</member>
<member name="P:Alab_Central.My.Resources.Resources.ResourceManager">
<summary>
  Devuelve la instancia de ResourceManager almacenada en caché utilizada por esta clase.
</summary>
</member>
<member name="P:Alab_Central.My.Resources.Resources.Culture">
<summary>
  Reemplaza la propiedad CurrentUICulture del subproceso actual para todas las
  búsquedas de recursos mediante esta clase de recurso fuertemente tipado.
</summary>
</member>
<member name="P:Alab_Central.My.Resources.Resources._continue">
<summary>
  Busca un recurso adaptado de tipo System.Drawing.Bitmap.
</summary>
</member>
<member name="P:Alab_Central.My.Resources.Resources._exit">
<summary>
  Busca un recurso adaptado de tipo System.Drawing.Bitmap.
</summary>
</member>
<member name="P:Alab_Central.My.Resources.Resources.add_group">
<summary>
  Busca un recurso adaptado de tipo System.Drawing.Bitmap.
</summary>
</member>
<member name="P:Alab_Central.My.Resources.Resources.add_user">
<summary>
  Busca un recurso adaptado de tipo System.Drawing.Bitmap.
</summary>
</member>
<member name="P:Alab_Central.My.Resources.Resources.ALAB">
<summary>
  Busca un recurso adaptado de tipo System.Drawing.Bitmap.
</summary>
</member>
<member name="P:Alab_Central.My.Resources.Resources.AlabCentralIcon">
<summary>
  Busca un recurso adaptado de tipo System.Drawing.Icon similar a (Icono).
</summary>
</member>
<member name="P:Alab_Central.My.Resources.Resources.AquaInnovo">
<summary>
  Busca un recurso adaptado de tipo System.Drawing.Bitmap.
</summary>
</member>
<member name="P:Alab_Central.My.Resources.Resources.Automatico">
<summary>
  Busca un recurso adaptado de tipo System.Drawing.Bitmap.
</summary>
</member>
<member name="P:Alab_Central.My.Resources.Resources.AutoUpdate">
<summary>
  Busca un recurso adaptado de tipo System.Byte[].
</summary>
</member>
<member name="P:Alab_Central.My.Resources.Resources.Bot">
<summary>
  Busca un recurso adaptado de tipo System.Drawing.Bitmap.
</summary>
</member>
<member name="P:Alab_Central.My.Resources.Resources.calendar">
<summary>
  Busca un recurso adaptado de tipo System.Drawing.Bitmap.
</summary>
</member>
<member name="P:Alab_Central.My.Resources.Resources.cargando">
<summary>
  Busca un recurso adaptado de tipo System.Drawing.Bitmap.
</summary>
</member>
<member name="P:Alab_Central.My.Resources.Resources.central_database_512">
<summary>
  Busca un recurso adaptado de tipo System.Drawing.Bitmap.
</summary>
</member>
<member name="P:Alab_Central.My.Resources.Resources.check1">
<summary>
  Busca un recurso adaptado de tipo System.Drawing.Bitmap.
</summary>
</member>
<member name="P:Alab_Central.My.Resources.Resources.Cloud_Upload_256">
<summary>
  Busca un recurso adaptado de tipo System.Drawing.Bitmap.
</summary>
</member>
<member name="P:Alab_Central.My.Resources.Resources.cotizacion">
<summary>
  Busca un recurso adaptado de tipo System.Drawing.Bitmap.
</summary>
</member>
<member name="P:Alab_Central.My.Resources.Resources.Cotizacion1">
<summary>
  Busca un recurso adaptado de tipo System.Byte[].
</summary>
</member>
<member name="P:Alab_Central.My.Resources.Resources.Covid_64">
<summary>
  Busca un recurso adaptado de tipo System.Drawing.Bitmap.
</summary>
</member>
<member name="P:Alab_Central.My.Resources.Resources.DataCloudUp">
<summary>
  Busca un recurso adaptado de tipo System.Drawing.Bitmap.
</summary>
</member>
<member name="P:Alab_Central.My.Resources.Resources.Documents">
<summary>
  Busca un recurso adaptado de tipo System.Drawing.Bitmap.
</summary>
</member>
<member name="P:Alab_Central.My.Resources.Resources.Documents02">
<summary>
  Busca un recurso adaptado de tipo System.Drawing.Bitmap.
</summary>
</member>
<member name="P:Alab_Central.My.Resources.Resources.eliminar">
<summary>
  Busca un recurso adaptado de tipo System.Drawing.Bitmap.
</summary>
</member>
<member name="P:Alab_Central.My.Resources.Resources.engranaje">
<summary>
  Busca un recurso adaptado de tipo System.Drawing.Bitmap.
</summary>
</member>
<member name="P:Alab_Central.My.Resources.Resources.Excel">
<summary>
  Busca un recurso adaptado de tipo System.Drawing.Bitmap.
</summary>
</member>
<member name="P:Alab_Central.My.Resources.Resources.excel_x32">
<summary>
  Busca un recurso adaptado de tipo System.Drawing.Bitmap.
</summary>
</member>
<member name="P:Alab_Central.My.Resources.Resources.excel1">
<summary>
  Busca un recurso adaptado de tipo System.Drawing.Bitmap.
</summary>
</member>
<member name="P:Alab_Central.My.Resources.Resources.favicon">
<summary>
  Busca un recurso adaptado de tipo System.Drawing.Bitmap.
</summary>
</member>
<member name="P:Alab_Central.My.Resources.Resources.FilesIcon">
<summary>
  Busca un recurso adaptado de tipo System.Drawing.Bitmap.
</summary>
</member>
<member name="P:Alab_Central.My.Resources.Resources.Finanzas">
<summary>
  Busca un recurso adaptado de tipo System.Drawing.Bitmap.
</summary>
</member>
<member name="P:Alab_Central.My.Resources.Resources.Fish">
<summary>
  Busca un recurso adaptado de tipo System.Drawing.Bitmap.
</summary>
</member>
<member name="P:Alab_Central.My.Resources.Resources.FishParameter">
<summary>
  Busca un recurso adaptado de tipo System.Drawing.Bitmap.
</summary>
</member>
<member name="P:Alab_Central.My.Resources.Resources.FishParameter_v2">
<summary>
  Busca un recurso adaptado de tipo System.Drawing.Bitmap.
</summary>
</member>
<member name="P:Alab_Central.My.Resources.Resources.FLECHA">
<summary>
  Busca un recurso adaptado de tipo System.Drawing.Bitmap.
</summary>
</member>
<member name="P:Alab_Central.My.Resources.Resources.gear_icon">
<summary>
  Busca un recurso adaptado de tipo System.Drawing.Bitmap.
</summary>
</member>
<member name="P:Alab_Central.My.Resources.Resources.green">
<summary>
  Busca un recurso adaptado de tipo System.Drawing.Bitmap.
</summary>
</member>
<member name="P:Alab_Central.My.Resources.Resources.grey">
<summary>
  Busca un recurso adaptado de tipo System.Drawing.Bitmap.
</summary>
</member>
<member name="P:Alab_Central.My.Resources.Resources.homeIcon">
<summary>
  Busca un recurso adaptado de tipo System.Drawing.Bitmap.
</summary>
</member>
<member name="P:Alab_Central.My.Resources.Resources.key">
<summary>
  Busca un recurso adaptado de tipo System.Drawing.Bitmap.
</summary>
</member>
<member name="P:Alab_Central.My.Resources.Resources.ListPrice">
<summary>
  Busca un recurso adaptado de tipo System.Drawing.Bitmap.
</summary>
</member>
<member name="P:Alab_Central.My.Resources.Resources.Login">
<summary>
  Busca un recurso adaptado de tipo System.Drawing.Bitmap.
</summary>
</member>
<member name="P:Alab_Central.My.Resources.Resources.MailEnviado">
<summary>
  Busca un recurso adaptado de tipo System.Drawing.Bitmap.
</summary>
</member>
<member name="P:Alab_Central.My.Resources.Resources.MariaDBLogo">
<summary>
  Busca un recurso adaptado de tipo System.Drawing.Bitmap.
</summary>
</member>
<member name="P:Alab_Central.My.Resources.Resources.MultiTask">
<summary>
  Busca un recurso adaptado de tipo System.Drawing.Bitmap.
</summary>
</member>
<member name="P:Alab_Central.My.Resources.Resources.OpenFolder">
<summary>
  Busca un recurso adaptado de tipo System.Drawing.Bitmap.
</summary>
</member>
<member name="P:Alab_Central.My.Resources.Resources.pause">
<summary>
  Busca un recurso adaptado de tipo System.Drawing.Bitmap.
</summary>
</member>
<member name="P:Alab_Central.My.Resources.Resources.Pause_big">
<summary>
  Busca un recurso adaptado de tipo System.Drawing.Bitmap.
</summary>
</member>
<member name="P:Alab_Central.My.Resources.Resources.pdf">
<summary>
  Busca un recurso adaptado de tipo System.Drawing.Bitmap.
</summary>
</member>
<member name="P:Alab_Central.My.Resources.Resources.pdf_icon">
<summary>
  Busca un recurso adaptado de tipo System.Drawing.Bitmap.
</summary>
</member>
<member name="P:Alab_Central.My.Resources.Resources.pencil">
<summary>
  Busca un recurso adaptado de tipo System.Drawing.Bitmap.
</summary>
</member>
<member name="P:Alab_Central.My.Resources.Resources.PlantillaAlab">
<summary>
  Busca un recurso adaptado de tipo System.Byte[].
</summary>
</member>
<member name="P:Alab_Central.My.Resources.Resources.play">
<summary>
  Busca un recurso adaptado de tipo System.Drawing.Bitmap.
</summary>
</member>
<member name="P:Alab_Central.My.Resources.Resources.Play_big">
<summary>
  Busca un recurso adaptado de tipo System.Drawing.Bitmap.
</summary>
</member>
<member name="P:Alab_Central.My.Resources.Resources.Pregunta">
<summary>
  Busca un recurso adaptado de tipo System.Drawing.Bitmap.
</summary>
</member>
<member name="P:Alab_Central.My.Resources.Resources.print1">
<summary>
  Busca un recurso adaptado de tipo System.Drawing.Bitmap.
</summary>
</member>
<member name="P:Alab_Central.My.Resources.Resources.print2">
<summary>
  Busca un recurso adaptado de tipo System.Drawing.Bitmap.
</summary>
</member>
<member name="P:Alab_Central.My.Resources.Resources.red">
<summary>
  Busca un recurso adaptado de tipo System.Drawing.Bitmap.
</summary>
</member>
<member name="P:Alab_Central.My.Resources.Resources.Refresh">
<summary>
  Busca un recurso adaptado de tipo System.Drawing.Bitmap.
</summary>
</member>
<member name="P:Alab_Central.My.Resources.Resources.Resumen">
<summary>
  Busca un recurso adaptado de tipo System.Byte[].
</summary>
</member>
<member name="P:Alab_Central.My.Resources.Resources.Resumen1">
<summary>
  Busca un recurso adaptado de tipo System.Byte[].
</summary>
</member>
<member name="P:Alab_Central.My.Resources.Resources.Save">
<summary>
  Busca un recurso adaptado de tipo System.Drawing.Bitmap.
</summary>
</member>
<member name="P:Alab_Central.My.Resources.Resources.search">
<summary>
  Busca un recurso adaptado de tipo System.Drawing.Bitmap.
</summary>
</member>
<member name="P:Alab_Central.My.Resources.Resources.Separador">
<summary>
  Busca un recurso adaptado de tipo System.Drawing.Bitmap.
</summary>
</member>
<member name="P:Alab_Central.My.Resources.Resources.Square4">
<summary>
  Busca un recurso adaptado de tipo System.Drawing.Bitmap.
</summary>
</member>
<member name="P:Alab_Central.My.Resources.Resources.Thunder">
<summary>
  Busca un recurso adaptado de tipo System.Drawing.Bitmap.
</summary>
</member>
<member name="P:Alab_Central.My.Resources.Resources.tmpDerivacionCultivoBacteriologico">
<summary>
  Busca un recurso adaptado de tipo System.Byte[].
</summary>
</member>
<member name="P:Alab_Central.My.Resources.Resources.tmpDerivacionInocuidad">
<summary>
  Busca un recurso adaptado de tipo System.Byte[].
</summary>
</member>
<member name="P:Alab_Central.My.Resources.Resources.tmpDerivacionTincionGram">
<summary>
  Busca un recurso adaptado de tipo System.Byte[].
</summary>
</member>
<member name="P:Alab_Central.My.Resources.Resources.Trabajos">
<summary>
  Busca un recurso adaptado de tipo System.Drawing.Bitmap.
</summary>
</member>
<member name="P:Alab_Central.My.Resources.Resources.trash_10_xxl">
<summary>
  Busca un recurso adaptado de tipo System.Drawing.Bitmap.
</summary>
</member>
<member name="P:Alab_Central.My.Resources.Resources.userlogin">
<summary>
  Busca un recurso adaptado de tipo System.Drawing.Bitmap.
</summary>
</member>
<member name="P:Alab_Central.My.Resources.Resources.Water">
<summary>
  Busca un recurso adaptado de tipo System.Drawing.Bitmap.
</summary>
</member>
<member name="P:Alab_Central.My.Resources.Resources.Word">
<summary>
  Busca un recurso adaptado de tipo System.Drawing.Bitmap.
</summary>
</member>
<member name="P:Alab_Central.My.Resources.Resources.word1">
<summary>
  Busca un recurso adaptado de tipo System.Drawing.Bitmap.
</summary>
</member>
<member name="P:Alab_Central.My.Resources.Resources.yellow">
<summary>
  Busca un recurso adaptado de tipo System.Drawing.Bitmap.
</summary>
</member>
<member name="T:Alab_Central.DB">
<summary>
Represents a strongly typed in-memory cache of data.
</summary>
</member>
<member name="T:Alab_Central.DB.EspecieDataTable">
<summary>
Represents the strongly named DataTable class.
</summary>
</member>
<member name="T:Alab_Central.DB.ClienteDataTable">
<summary>
Represents the strongly named DataTable class.
</summary>
</member>
<member name="T:Alab_Central.DB.ContactoDataTable">
<summary>
Represents the strongly named DataTable class.
</summary>
</member>
<member name="T:Alab_Central.DB.ProgramaDataTable">
<summary>
Represents the strongly named DataTable class.
</summary>
</member>
<member name="T:Alab_Central.DB.CentroDataTable">
<summary>
Represents the strongly named DataTable class.
</summary>
</member>
<member name="T:Alab_Central.DB.TipoMuestreoDataTable">
<summary>
Represents the strongly named DataTable class.
</summary>
</member>
<member name="T:Alab_Central.DB.CuerpoAguaDataTable">
<summary>
Represents the strongly named DataTable class.
</summary>
</member>
<member name="T:Alab_Central.DB.CasoDataTable">
<summary>
Represents the strongly named DataTable class.
</summary>
</member>
<member name="T:Alab_Central.DB.CasoContactoDataTable">
<summary>
Represents the strongly named DataTable class.
</summary>
</member>
<member name="T:Alab_Central.DB.DiagnosticoObeservacionDataTable">
<summary>
Represents the strongly named DataTable class.
</summary>
</member>
<member name="T:Alab_Central.DB.CasoDiagnosticoObservacionDataTable">
<summary>
Represents the strongly named DataTable class.
</summary>
</member>
<member name="T:Alab_Central.DB.CasoMuestraDataTable">
<summary>
Represents the strongly named DataTable class.
</summary>
</member>
<member name="T:Alab_Central.DB.PCRPoolDataTable">
<summary>
Represents the strongly named DataTable class.
</summary>
</member>
<member name="T:Alab_Central.DB.PreservanteDataTable">
<summary>
Represents the strongly named DataTable class.
</summary>
</member>
<member name="T:Alab_Central.DB.CasoEtapaDataTable">
<summary>
Represents the strongly named DataTable class.
</summary>
</member>
<member name="T:Alab_Central.DB.SecuenciaMuestraDataTable">
<summary>
Represents the strongly named DataTable class.
</summary>
</member>
<member name="T:Alab_Central.DB.CCPoolDataTable">
<summary>
Represents the strongly named DataTable class.
</summary>
</member>
<member name="T:Alab_Central.DB.GastoOperacionalDataTable">
<summary>
Represents the strongly named DataTable class.
</summary>
</member>
<member name="T:Alab_Central.DB.Cliente_Listaprecio_EnsayoDataTable">
<summary>
Represents the strongly named DataTable class.
</summary>
</member>
<member name="T:Alab_Central.DB.Cliente_ListaprecioDataTable">
<summary>
Represents the strongly named DataTable class.
</summary>
</member>
<member name="T:Alab_Central.DB.Caso_GastoOperacionalDataTable">
<summary>
Represents the strongly named DataTable class.
</summary>
</member>
<member name="T:Alab_Central.DB.EnsayoDataTable">
<summary>
Represents the strongly named DataTable class.
</summary>
</member>
<member name="T:Alab_Central.DB.EnsayoTipoDataTable">
<summary>
Represents the strongly named DataTable class.
</summary>
</member>
<member name="T:Alab_Central.DB.LaboratorioAreaDataTable">
<summary>
Represents the strongly named DataTable class.
</summary>
</member>
<member name="T:Alab_Central.DB.PoolPCRDataTable">
<summary>
Represents the strongly named DataTable class.
</summary>
</member>
<member name="T:Alab_Central.DB.EspecieRow">
<summary>
Represents strongly named DataRow class.
</summary>
</member>
<member name="T:Alab_Central.DB.ClienteRow">
<summary>
Represents strongly named DataRow class.
</summary>
</member>
<member name="T:Alab_Central.DB.ContactoRow">
<summary>
Represents strongly named DataRow class.
</summary>
</member>
<member name="T:Alab_Central.DB.ProgramaRow">
<summary>
Represents strongly named DataRow class.
</summary>
</member>
<member name="T:Alab_Central.DB.CentroRow">
<summary>
Represents strongly named DataRow class.
</summary>
</member>
<member name="T:Alab_Central.DB.TipoMuestreoRow">
<summary>
Represents strongly named DataRow class.
</summary>
</member>
<member name="T:Alab_Central.DB.CuerpoAguaRow">
<summary>
Represents strongly named DataRow class.
</summary>
</member>
<member name="T:Alab_Central.DB.CasoRow">
<summary>
Represents strongly named DataRow class.
</summary>
</member>
<member name="T:Alab_Central.DB.CasoContactoRow">
<summary>
Represents strongly named DataRow class.
</summary>
</member>
<member name="T:Alab_Central.DB.DiagnosticoObeservacionRow">
<summary>
Represents strongly named DataRow class.
</summary>
</member>
<member name="T:Alab_Central.DB.CasoDiagnosticoObservacionRow">
<summary>
Represents strongly named DataRow class.
</summary>
</member>
<member name="T:Alab_Central.DB.CasoMuestraRow">
<summary>
Represents strongly named DataRow class.
</summary>
</member>
<member name="T:Alab_Central.DB.PCRPoolRow">
<summary>
Represents strongly named DataRow class.
</summary>
</member>
<member name="T:Alab_Central.DB.PreservanteRow">
<summary>
Represents strongly named DataRow class.
</summary>
</member>
<member name="T:Alab_Central.DB.CasoEtapaRow">
<summary>
Represents strongly named DataRow class.
</summary>
</member>
<member name="T:Alab_Central.DB.SecuenciaMuestraRow">
<summary>
Represents strongly named DataRow class.
</summary>
</member>
<member name="T:Alab_Central.DB.CCPoolRow">
<summary>
Represents strongly named DataRow class.
</summary>
</member>
<member name="T:Alab_Central.DB.GastoOperacionalRow">
<summary>
Represents strongly named DataRow class.
</summary>
</member>
<member name="T:Alab_Central.DB.Cliente_Listaprecio_EnsayoRow">
<summary>
Represents strongly named DataRow class.
</summary>
</member>
<member name="T:Alab_Central.DB.Cliente_ListaprecioRow">
<summary>
Represents strongly named DataRow class.
</summary>
</member>
<member name="T:Alab_Central.DB.Caso_GastoOperacionalRow">
<summary>
Represents strongly named DataRow class.
</summary>
</member>
<member name="T:Alab_Central.DB.EnsayoRow">
<summary>
Represents strongly named DataRow class.
</summary>
</member>
<member name="T:Alab_Central.DB.EnsayoTipoRow">
<summary>
Represents strongly named DataRow class.
</summary>
</member>
<member name="T:Alab_Central.DB.LaboratorioAreaRow">
<summary>
Represents strongly named DataRow class.
</summary>
</member>
<member name="T:Alab_Central.DB.PoolPCRRow">
<summary>
Represents strongly named DataRow class.
</summary>
</member>
<member name="T:Alab_Central.DB.EspecieRowChangeEvent">
<summary>
Row event argument class
</summary>
</member>
<member name="T:Alab_Central.DB.ClienteRowChangeEvent">
<summary>
Row event argument class
</summary>
</member>
<member name="T:Alab_Central.DB.ContactoRowChangeEvent">
<summary>
Row event argument class
</summary>
</member>
<member name="T:Alab_Central.DB.ProgramaRowChangeEvent">
<summary>
Row event argument class
</summary>
</member>
<member name="T:Alab_Central.DB.CentroRowChangeEvent">
<summary>
Row event argument class
</summary>
</member>
<member name="T:Alab_Central.DB.TipoMuestreoRowChangeEvent">
<summary>
Row event argument class
</summary>
</member>
<member name="T:Alab_Central.DB.CuerpoAguaRowChangeEvent">
<summary>
Row event argument class
</summary>
</member>
<member name="T:Alab_Central.DB.CasoRowChangeEvent">
<summary>
Row event argument class
</summary>
</member>
<member name="T:Alab_Central.DB.CasoContactoRowChangeEvent">
<summary>
Row event argument class
</summary>
</member>
<member name="T:Alab_Central.DB.DiagnosticoObeservacionRowChangeEvent">
<summary>
Row event argument class
</summary>
</member>
<member name="T:Alab_Central.DB.CasoDiagnosticoObservacionRowChangeEvent">
<summary>
Row event argument class
</summary>
</member>
<member name="T:Alab_Central.DB.CasoMuestraRowChangeEvent">
<summary>
Row event argument class
</summary>
</member>
<member name="T:Alab_Central.DB.PCRPoolRowChangeEvent">
<summary>
Row event argument class
</summary>
</member>
<member name="T:Alab_Central.DB.PreservanteRowChangeEvent">
<summary>
Row event argument class
</summary>
</member>
<member name="T:Alab_Central.DB.CasoEtapaRowChangeEvent">
<summary>
Row event argument class
</summary>
</member>
<member name="T:Alab_Central.DB.SecuenciaMuestraRowChangeEvent">
<summary>
Row event argument class
</summary>
</member>
<member name="T:Alab_Central.DB.CCPoolRowChangeEvent">
<summary>
Row event argument class
</summary>
</member>
<member name="T:Alab_Central.DB.GastoOperacionalRowChangeEvent">
<summary>
Row event argument class
</summary>
</member>
<member name="T:Alab_Central.DB.Cliente_Listaprecio_EnsayoRowChangeEvent">
<summary>
Row event argument class
</summary>
</member>
<member name="T:Alab_Central.DB.Cliente_ListaprecioRowChangeEvent">
<summary>
Row event argument class
</summary>
</member>
<member name="T:Alab_Central.DB.Caso_GastoOperacionalRowChangeEvent">
<summary>
Row event argument class
</summary>
</member>
<member name="T:Alab_Central.DB.EnsayoRowChangeEvent">
<summary>
Row event argument class
</summary>
</member>
<member name="T:Alab_Central.DB.EnsayoTipoRowChangeEvent">
<summary>
Row event argument class
</summary>
</member>
<member name="T:Alab_Central.DB.LaboratorioAreaRowChangeEvent">
<summary>
Row event argument class
</summary>
</member>
<member name="T:Alab_Central.DB.PoolPCRRowChangeEvent">
<summary>
Row event argument class
</summary>
</member>
<member name="T:Alab_Central.DB_Temp">
<summary>
Represents a strongly typed in-memory cache of data.
</summary>
</member>
<member name="T:Alab_Central.DB_Temp.PCR_DistribucionMuestrasDataTable">
<summary>
Represents the strongly named DataTable class.
</summary>
</member>
<member name="T:Alab_Central.DB_Temp.ContactoDataTable">
<summary>
Represents the strongly named DataTable class.
</summary>
</member>
<member name="T:Alab_Central.DB_Temp.DocumentosDataTable">
<summary>
Represents the strongly named DataTable class.
</summary>
</member>
<member name="T:Alab_Central.DB_Temp.SubCasoMuestraDataTable">
<summary>
Represents the strongly named DataTable class.
</summary>
</member>
<member name="T:Alab_Central.DB_Temp.PatogenosPCRDataTable">
<summary>
Represents the strongly named DataTable class.
</summary>
</member>
<member name="T:Alab_Central.DB_Temp.PSGR_MuestrasDataTable">
<summary>
Represents the strongly named DataTable class.
</summary>
</member>
<member name="T:Alab_Central.DB_Temp.PCR_DistribucionMuestrasRow">
<summary>
Represents strongly named DataRow class.
</summary>
</member>
<member name="T:Alab_Central.DB_Temp.ContactoRow">
<summary>
Represents strongly named DataRow class.
</summary>
</member>
<member name="T:Alab_Central.DB_Temp.DocumentosRow">
<summary>
Represents strongly named DataRow class.
</summary>
</member>
<member name="T:Alab_Central.DB_Temp.SubCasoMuestraRow">
<summary>
Represents strongly named DataRow class.
</summary>
</member>
<member name="T:Alab_Central.DB_Temp.PatogenosPCRRow">
<summary>
Represents strongly named DataRow class.
</summary>
</member>
<member name="T:Alab_Central.DB_Temp.PSGR_MuestrasRow">
<summary>
Represents strongly named DataRow class.
</summary>
</member>
<member name="T:Alab_Central.DB_Temp.PCR_DistribucionMuestrasRowChangeEvent">
<summary>
Row event argument class
</summary>
</member>
<member name="T:Alab_Central.DB_Temp.ContactoRowChangeEvent">
<summary>
Row event argument class
</summary>
</member>
<member name="T:Alab_Central.DB_Temp.DocumentosRowChangeEvent">
<summary>
Row event argument class
</summary>
</member>
<member name="T:Alab_Central.DB_Temp.SubCasoMuestraRowChangeEvent">
<summary>
Row event argument class
</summary>
</member>
<member name="T:Alab_Central.DB_Temp.PatogenosPCRRowChangeEvent">
<summary>
Row event argument class
</summary>
</member>
<member name="T:Alab_Central.DB_Temp.PSGR_MuestrasRowChangeEvent">
<summary>
Row event argument class
</summary>
</member>
</members>
</doc>
